,LV ActivePower (kW)
10402,3407.78393554687
48726,641.308471679687
27053,1543.24499511718
16417,1413.26196289062
42895,3566.98706054687
18223,3483.7060546875
27003,1729.55200195312
30544,736.677185058593
4360,2314.63696289062
48729,659.91357421875
30549,612.481201171875
3053,71.7658233642578
37039,3241.11889648437
4182,3601.74194335937
11394,352.448913574218
26801,385.137908935546
41253,2504.61108398437
49088,2054.791015625
33129,143.213806152343
19696,759.404479980468
32949,2609.60498046875
32840,2783.19897460937
30334,3117.61694335937
15296,444.637084960937
24483,1146.80102539062
42537,3602.31494140625
12154,197.061294555664
11677,1022.4990234375
35703,119.731002807617
46854,2740.78491210937
10132,3603.2099609375
34896,1246.63903808593
21139,764.247192382812
5842,1113.24499511718
12561,862.720703125
48207,1051.08801269531
5234,1163.88500976562
2983,1731.53894042968
26394,512.461181640625
19684,448.4541015625
29699,437.118499755859
34379,3343.93798828125
8870,3330.88696289062
44705,170.994598388671
19439,1004.58599853515
39117,3548.13989257812
34542,1896.78796386718
47657,720.439880371093
18734,53.1783103942871
44428,2331.77001953125
33411,343.905395507812
14458,3509.95288085937
577,130.767105102539
13094,22.5761394500732
36844,1922.82897949218
7757,1497.50903320312
27233,467.170989990234
18353,1879.11804199218
31022,2872.69091796875
43692,497.140808105468
26960,1547.55102539062
41193,589.487487792968
18406,394.629486083984
41792,830.403686523437
33860,1518.43701171875
18978,153.629592895507
44086,2094.07006835937
10838,2364.92504882812
14361,2493.15698242187
21433,167.859603881835
38546,3549.11596679687
35718,823.527404785156
35112,226.955093383789
11409,891.929016113281
19808,18.5539398193359
31865,1232.81103515625
21656,12.6152601242065
36845,2033.89599609375
39874,1704.98706054687
8210,3598.49291992187
1214,195.108001708984
4125,3602.32299804687
27191,1087.0830078125
7685,2425.5029296875
21176,3432.9990234375
26999,1242.06799316406
9714,3603.30590820312
33841,678.252807617187
14350,3557.13208007812
2396,3460.06494140625
38527,3566.68505859375
29846,566.363525390625
34453,3208.39892578125
30188,737.014221191406
23191,1585.21203613281
46842,2455.64306640625
31822,400.359710693359
9325,2994.962890625
19914,49.219928741455
21333,541.005615234375
35420,636.055114746093
25432,180.346099853515
33211,535.912292480468
44155,1349.60400390625
43268,467.54019165039
7257,1184.44995117187
20953,621.730407714843
25273,1277.09899902343
40288,499.390502929687
46324,193.233200073242
28726,70.5797729492187
23602,121.359397888183
1161,20.5523796081542
41230,1193.83203125
34006,729.757507324218
5133,826.350524902343
32307,3603.00708007812
31454,2724.416015625
3014,45.1406097412109
21283,790.140319824218
10026,1175.1689453125
30368,3598.89501953125
32888,3604.3349609375
9387,282.022399902343
33519,324.036102294921
12714,347.682312011718
35113,238.549392700195
9931,439.882110595703
44303,1232.34802246093
38485,3103.16088867187
15622,205.296295166015
16873,222.630294799804
15323,374.751708984375
4639,370.071685791015
20319,3535.22998046875
7078,2742.7119140625
23866,1396.8310546875
21797,6.66466188430786
7491,1063.75402832031
1840,372.102813720703
28109,19.82320022583
22103,72.6195068359375
10079,1107.30004882812
48040,1452.28405761718
16242,2738.88598632812
2430,3461.18408203125
38484,3423.18188476562
39559,2343.34399414062
7110,1036.69702148437
32945,3502.85595703125
49474,3600.02099609375
47794,387.544799804687
6059,2417.40502929687
42147,2240.89892578125
41605,2331.65209960937
46471,1171.78894042968
25940,288.046997070312
49621,826.080627441406
34414,1367.73205566406
3932,3602.6708984375
23792,435.040496826171
43344,788.055786132812
35452,1163.36096191406
36796,2275.94189453125
47707,386.404510498046
30689,1024.05395507812
3812,1042.90905761718
19892,408.371307373046
6576,1963.21496582031
30998,3047.88110351562
1224,288.809112548828
11674,2840.2958984375
35365,775.172119140625
20012,1906.03405761718
7292,651.3671875
21854,437.725189208984
16924,142.8125
11749,622.559387207031
24185,1238.03796386718
18093,740.504821777343
12562,838.655212402343
25597,1028.34997558593
40526,219.98680114746
15935,698.11376953125
33847,377.7626953125
40087,1803.09899902343
18128,237.327499389648
9119,251.826293945312
32091,2871.123046875
35744,350.771087646484
23104,228.645904541015
27839,49.9991493225097
43255,1205.27197265625
45916,3597.80688476562
38265,87.1340179443359
17926,845.4453125
43865,387.097198486328
32460,3437.37890625
13322,216.446792602539
25929,299.903198242187
37017,2058.43798828125
37690,3355.791015625
10898,308.804595947265
38511,3602.32788085937
45837,3594.96899414062
12494,316.893096923828
18955,454.457214355468
20490,2458.4951171875
198,2978.31005859375
30371,3603.0
6414,1684.18798828125
21794,31.7403907775878
39557,2183.39599609375
24738,204.995407104492
4553,2252.85205078125
33280,702.678100585937
15977,698.949279785156
9314,3033.03588867187
33073,2699.31494140625
10276,3603.212890625
41228,1090.36499023437
29448,335.066802978515
35232,312.886291503906
39431,1321.3330078125
10600,3602.68188476562
5643,1414.22302246093
31217,3275.52490234375
38379,1694.73999023437
13558,1170.91296386718
8251,3603.43701171875
43260,793.857727050781
40934,849.518127441406
38124,3467.583984375
37897,3601.05590820312
2614,1578.55004882812
44889,3099.77197265625
1238,828.148071289062
45384,3602.6650390625
14171,110.839202880859
20533,1676.248046875
35007,20.4574909210205
15982,486.834503173828
5950,2368.19189453125
18164,1223.79797363281
43611,1897.791015625
8703,3462.01611328125
34709,58.3209114074707
30411,1555.77600097656
9510,177.856201171875
37993,1698.96105957031
18154,114.826698303222
27673,76.2891311645507
40757,382.077209472656
14134,220.32420349121
9628,3452.75903320312
43961,2267.7109375
37848,3600.22802734375
25598,858.947814941406
19011,564.458618164062
44036,1235.52600097656
8401,45.0485496520996
34181,3604.26806640625
32976,2762.85205078125
33515,363.590087890625
21866,989.859313964843
3267,824.304870605468
9749,3603.81396484375
8017,3461.23291015625
7015,1274.97705078125
35389,120.840896606445
42889,3471.31811523437
19173,281.230712890625
30417,1502.11096191406
21090,1559.30297851562
40278,1169.10400390625
4877,3602.86791992187
35975,3110.7509765625
37335,114.173500061035
47567,694.017517089843
42651,2153.462890625
34375,3377.5830078125
34915,556.599609375
950,3281.27490234375
38977,812.643493652343
17606,950.6259765625
14824,442.8125
48979,137.682296752929
22623,3602.94799804687
50106,618.852294921875
33646,1766.7080078125
47797,383.376495361328
28211,15.7810401916503
10720,3599.44091796875
20460,297.342895507812
49199,3501.27490234375
262,2707.74291992187
38906,49.7015800476074
36212,160.333206176757
13541,597.425415039062
21060,461.429901123046
47471,107.995796203613
4939,2440.28491210937
30220,3516.32202148437
14931,2359.88793945312
38190,43.3290901184082
30892,3257.5400390625
38393,3453.5810546875
49363,654.089416503906
11952,2689.23388671875
4105,3602.36010742187
41718,3603.14599609375
9347,649.304626464843
27239,208.424896240234
43407,1075.56103515625
17264,542.430908203125
26393,660.82861328125
20176,3192.53295898437
18225,3335.01806640625
40354,83.9419631958007
9493,805.048889160156
30294,3303.712890625
22172,47.4729118347167
7318,81.0000915527343
41164,2316.98193359375
45394,3602.41796875
36675,2220.42895507812
6184,2212.60498046875
36398,85.6415863037109
23015,1.58960402011871
30872,3240.36596679687
14626,180.419296264648
45476,3601.45288085937
6075,2278.36499023437
35366,656.927673339843
5944,2299.49389648437
24436,2947.09204101562
20225,2283.67211914062
36370,133.094299316406
38570,3588.5419921875
1537,1846.19299316406
6806,504.793701171875
43667,1167.01000976562
8226,3600.69702148437
35058,1590.52600097656
34840,379.768005371093
12700,219.063003540039
45731,915.621887207031
29714,423.117614746093
5322,3569.26293945312
40888,1297.55895996093
24381,2323.89306640625
21041,2209.02587890625
11258,132.517501831054
2979,2494.40307617187
956,3546.32299804687
10302,3603.38793945312
25253,1479.89099121093
109,2228.24291992187
42165,887.813171386718
25726,1036.77905273437
10344,3602.85595703125
34340,3247.6279296875
39823,1548.1259765625
17752,629.185180664062
3823,1647.98596191406
29885,1244.18395996093
7535,3533.2060546875
1088,277.532409667968
46459,480.248809814453
2435,3460.955078125
38177,276.068115234375
30771,2601.38891601562
24566,2105.7919921875
37974,3582.99291992187
38606,454.626586914062
34600,1414.8759765625
48307,1256.47204589843
25248,1639.84301757812
3292,1141.15905761718
49241,3600.77490234375
44146,1301.79602050781
2769,3461.162109375
10330,3603.8330078125
43384,1424.57702636718
31071,3339.94189453125
30814,2249.98291015625
473,1523.79296875
10092,2012.95300292968
40349,322.746185302734
45988,3585.95190429687
45954,3600.38696289062
32187,2619.27587890625
40685,999.098327636718
41292,3565.03491210937
5393,41.4912109375
43247,1485.83898925781
4632,541.37841796875
24478,2744.43188476562
44842,167.042205810546
33232,480.985687255859
24159,1496.73999023437
3010,1263.4599609375
2127,1876.15502929687
18086,57.918659210205
4295,3602.55908203125
14786,798.086669921875
10203,3600.2080078125
26364,1071.80395507812
17840,162.247604370117
11284,174.043304443359
11743,1206.98706054687
50129,561.208312988281
15018,2427.17211914062
17820,75.7464370727539
22574,3595.82592773437
19596,2178.97705078125
19512,1027.83703613281
34364,3077.76391601562
20426,2841.21997070312
37534,35.7672080993652
14894,3603.04711914062
27632,29.8884506225585
40874,1096.85498046875
5210,1718.7900390625
25116,359.153289794921
27354,9.27032089233398
34860,381.569091796875
40154,0.315601199865341
43870,378.24429321289
20482,2058.1220703125
23149,0.153733298182487
6849,332.803985595703
34152,2648.46704101562
41692,3603.8310546875
41996,314.213500976562
20266,2028.57604980468
40870,1103.72497558593
38506,3483.11596679687
2872,3582.24609375
31885,1580.86499023437
37057,1323.87902832031
26893,2033.51098632812
9845,828.237670898437
40,1021.79302978515
2609,1268.76403808593
31464,2624.04809570312
20550,1254.76599121093
43981,2116.98706054687
13324,50.9094009399414
21741,470.782806396484
40176,3035.23095703125
35329,888.739013671875
21015,1348.81298828125
37427,539.865478515625
10693,1633.57897949218
22690,1763.00598144531
44489,480.951385498046
9986,1739.30895996093
49035,732.561706542968
31800,1343.28698730468
23923,429.503295898437
5218,655.342590332031
6628,301.003509521484
49484,3599.85888671875
26741,5.58180093765258
44363,3461.63305664062
31233,3602.51611328125
41892,1054.07604980468
48696,2256.59912109375
840,3057.580078125
27685,334.576110839843
28406,163.932205200195
22688,1895.50695800781
25243,2550.29809570312
31275,3402.6640625
4208,3601.81103515625
20233,1361.65905761718
31236,3584.68188476562
20823,1576.57397460937
24807,342.314208984375
8864,3402.0419921875
17831,72.339256286621
27329,711.283325195312
45306,605.613708496093
31459,3042.49291992187
44341,3463.94995117187
29375,119.544296264648
8304,3602.8310546875
22748,974.60009765625
38089,2895.8349609375
22406,2576.7470703125
2676,3144.14697265625
36429,1325.55004882812
15894,517.515625
18197,2330.36889648437
45812,3598.62890625
42597,2794.82006835937
32718,1114.35900878906
30692,813.176574707031
7505,2524.2470703125
4041,3602.52001953125
44107,1898.18395996093
44017,2922.98095703125
25164,3067.73706054687
38230,793.294921875
26466,82.4103622436523
32664,1130.27099609375
36900,2714.34399414062
5905,266.517791748046
35001,90.9551315307617
32615,2523.287109375
10133,3603.2919921875
33587,1014.81701660156
3265,785.366577148437
8905,3324.61791992187
40976,2073.17211914062
25669,169.684997558593
2993,3372.09301757812
43160,2691.7900390625
16135,2161.2109375
2847,3461.2060546875
2107,1694.58605957031
26474,26.9148406982421
35870,307.679107666015
42701,3270.09912109375
39055,2551.875
1843,367.865203857421
30742,2210.66088867187
16207,3163.412109375
22743,1666.24194335937
44902,2555.95190429687
30180,3548.93603515625
10405,3598.88110351562
44231,1074.55505371093
10455,2452.20190429687
49070,2047.11596679687
35021,0.825000524520874
36374,63.5107383728027
31000,3411.76904296875
49390,982.392211914062
33274,561.490600585937
18889,2137.03198242187
19984,267.046905517578
20179,1704.35803222656
42014,187.287002563476
46332,237.26350402832
41947,435.663604736328
27493,23.2167892456054
6001,2296.17602539062
27549,39.2290000915527
25055,1270.85705566406
26214,629.487487792968
31245,3597.9609375
70,212.566192626953
47454,411.101104736328
16122,1024.51696777343
8275,3582.71899414062
26464,142.806701660156
45583,3390.20288085937
22538,3043.2529296875
38901,13.9711904525756
2543,3593.46899414062
24560,2132.09399414062
38958,597.755981445312
2954,3482.14501953125
32070,1028.35900878906
43962,3212.18798828125
35973,3597.1640625
45597,3478.44995117187
1382,713.2998046875
34576,928.330078125
11379,371.389099121093
18820,1697.51904296875
43147,2115.19091796875
50522,3455.28295898437
38176,210.827102661132
15208,759.090576171875
10261,3602.81103515625
28810,81.7661895751953
33661,1356.27697753906
33255,36.2841987609863
20452,756.572387695312
3833,3577.95288085937
2123,1471.97204589843
24680,681.81787109375
13371,2588.90087890625
871,3476.65893554687
17651,728.801574707031
25374,15.219160079956
37794,3600.32397460937
19213,73.8477020263671
34278,1772.84997558593
38790,451.687103271484
36821,2807.11108398437
11920,3275.93188476562
37614,408.868499755859
3288,861.844116210937
17855,551.39501953125
31956,1024.48400878906
1739,2831.955078125
28128,219.53970336914
19830,11.1680002212524
37365,222.878204345703
47810,380.443603515625
42071,103.210296630859
20070,527.133483886718
27982,528.43701171875
38537,3509.955078125
48190,1826.82495117187
33842,593.642517089843
25011,968.116027832031
34118,1343.06298828125
27163,1885.7490234375
44768,789.828796386718
21875,728.704528808593
40666,193.101593017578
33282,897.453491210937
49336,1792.22998046875
38396,2864.30908203125
1233,1232.54504394531
27747,791.192810058593
39551,1753.30297851562
14578,539.212585449218
6942,15.7114200592041
20183,2336.1240234375
46535,903.650329589843
12530,165.462799072265
9729,3603.79907226562
22620,3603.22705078125
6014,2811.330078125
38186,91.6098480224609
8087,3494.84106445312
18417,240.09260559082
33755,972.78369140625
8953,941.11572265625
35059,1582.21105957031
34349,3289.17309570312
42718,1381.40100097656
21698,185.852096557617
40398,28.7356700897216
2369,3353.36889648437
12346,3602.333984375
25562,2281.38696289062
36713,3310.2099609375
6612,317.771087646484
32471,3581.23291015625
20792,1149.89294433593
39820,1318.76098632812
36555,2766.39794921875
18123,541.655212402343
47396,3195.13305664062
46623,580.445129394531
28166,152.340499877929
47429,3095.73608398437
11963,1500.74499511718
3084,1551.13793945312
6850,255.738998413085
26957,1203.42395019531
10184,3603.791015625
323,1323.68200683593
17793,823.714599609375
27139,2536.00610351562
38564,3580.61303710937
19734,480.358703613281
11760,314.590515136718
8104,3461.998046875
12531,961.088989257812
41519,812.901794433593
46871,3262.01708984375
29612,764.005676269531
38872,351.050598144531
37384,209.70849609375
45403,3601.8779296875
46219,67.1658782958984
32173,1980.66296386718
3254,210.67430114746
5648,2572.97509765625
49495,3599.7880859375
47449,1006.28802490234
23257,378.156494140625
30901,2822.76708984375
47799,389.145599365234
17676,58.4682884216308
38153,2125.17407226562
44789,390.986511230468
46782,3601.51098632812
22596,3603.74291992187
14717,782.303283691406
9930,506.776885986328
824,2888.19409179687
6557,2330.6201171875
34193,3556.44604492187
2097,262.802795410156
46810,3601.32104492187
27436,688.566284179687
41342,3598.962890625
4097,3602.93505859375
44258,2056.34912109375
14915,3604.4619140625
12415,3570.51489257812
25438,201.106506347656
11616,3603.01000976562
42394,2593.70092773437
34837,153.69920349121
43979,2042.20300292968
35052,717.294677734375
10219,3541.55004882812
45915,3600.9169921875
49642,238.497192382812
31930,834.952819824218
49140,3502.73608398437
41453,2025.72094726562
15999,16.9738006591796
45881,3597.69897460937
41380,1084.65600585937
18313,2223.7548828125
35378,461.250610351562
19924,69.006233215332
32476,3489.712890625
26312,590.287292480468
31423,2684.76000976562
5130,309.265991210937
44549,991.919616699218
32080,1562.65600585937
40046,316.667510986328
40000,156.033203125
30667,1361.35302734375
32612,2550.30493164062
33807,2214.81103515625
25975,289.69189453125
11017,1497.55297851562
50479,479.424285888671
2386,3471.95190429687
12583,904.117492675781
34115,1863.77502441406
33403,52.7767105102539
34126,1387.35705566406
25786,909.57080078125
47187,3602.75390625
44298,1204.65197753906
5335,3201.97192382812
9308,3118.97705078125
11063,3602.7939453125
36442,979.651611328125
32802,2631.10595703125
35612,391.304504394531
9115,98.559226989746
33540,242.515304565429
20691,302.359497070312
47403,3430.46411132812
15262,865.732177734375
4827,3560.17407226562
12575,1118.60900878906
7640,1137.52795410156
28804,184.401092529296
34170,3576.33203125
25998,1012.89099121093
37649,2902.0
30664,1940.55895996093
35979,3012.88403320312
37834,3601.77392578125
44126,932.338012695312
47926,1295.09301757812
49597,385.731689453125
33707,3578.2919921875
37163,2087.90087890625
37173,949.485412597656
48220,1527.89404296875
10928,2994.51000976562
47992,1142.2490234375
47296,3516.89697265625
22102,142.527694702148
21309,1136.32800292968
25170,2864.65600585937
5118,58.4743614196777
6114,1034.33996582031
20255,1764.43798828125
25608,522.16357421875
13578,225.619995117187
37119,725.212280273437
18751,1438.0830078125
24291,1550.78796386718
34441,1704.03601074218
42606,3416.91088867187
27279,1049.20202636718
34228,3604.57104492187
23021,805.591186523437
3203,146.92919921875
35077,859.840515136718
10308,3603.89599609375
29727,1190.05798339843
30691,1132.10205078125
3223,349.315185546875
32217,639.047180175781
18098,818.921081542968
22582,3600.087890625
30644,2415.2890625
23190,1950.12805175781
48608,1836.97802734375
10445,524.327880859375
27101,1062.39794921875
19994,596.334228515625
4869,2252.55908203125
47030,505.559112548828
3931,3602.97192382812
10616,3600.794921875
30223,3562.205078125
8737,3462.47509765625
35629,68.6660919189453
49094,3566.32006835937
32829,1445.19897460937
22161,200.530502319335
23562,409.648803710937
31385,3363.19702148437
314,1060.60302734375
35396,0.988267481327056
25038,1673.65405273437
311,1122.71203613281
19990,346.367004394531
17869,204.382995605468
17419,204.412994384765
10980,1976.91101074218
39267,2853.30004882812
32561,2776.67602539062
24917,576.7626953125
10673,895.200378417968
36288,12.9784803390502
26240,660.419921875
44079,1702.8759765625
2104,811.321411132812
48664,3600.63403320312
20854,3218.88500976562
48579,1446.21704101562
8108,3461.43603515625
11883,2866.97998046875
37451,876.856384277343
39631,1477.77001953125
13731,41.978401184082
24976,1470.81604003906
26376,394.25439453125
35098,345.938903808593
36477,3414.94091796875
28901,68.9192581176757
22140,405.590515136718
41055,1511.93505859375
4340,3601.25390625
34415,1567.708984375
2229,2795.666015625
30465,3235.22705078125
23708,2569.85302734375
49386,1130.083984375
20212,1968.63195800781
32345,3603.330078125
43557,910.47900390625
33769,184.933807373046
2990,3123.59399414062
35569,483.040985107421
6465,3476.86499023437
43244,994.9296875
27560,176.130004882812
2490,2877.39599609375
4075,3603.05908203125
27469,164.297302246093
10435,1758.11303710937
27467,39.0243988037109
11044,3597.15087890625
20095,296.938903808593
26549,281.857391357421
23744,2532.36206054687
30666,1166.85595703125
27684,123.924003601074
15259,908.460388183593
9896,1913.81604003906
49410,3131.43896484375
42959,3296.89501953125
29872,1060.83703613281
48327,199.919799804687
44574,1417.04504394531
46831,3600.61694335937
5223,531.949829101562
2259,3410.81909179687
5187,141.850204467773
39235,2354.3759765625
16355,272.979614257812
18328,2667.64697265625
28071,280.113006591796
45315,3023.7900390625
4655,99.766746520996
10762,3567.27807617187
6236,925.008728027343
2143,3603.46899414062
46594,1644.62805175781
34058,2642.35302734375
15242,1566.38403320312
41075,1411.96801757812
7570,2276.01611328125
11095,977.577087402343
31532,2689.3779296875
29566,507.827911376953
30652,1995.52905273437
19803,26.244270324707
20216,2706.4609375
39705,1099.28796386718
32393,2982.81103515625
11922,2711.21899414062
29519,198.319793701171
44514,468.815490722656
18856,94.6747970581054
13408,526.477478027343
10288,3603.412109375
45836,3571.56201171875
44802,150.420196533203
47700,382.698486328125
25477,1260.09094238281
252,3515.61010742187
39846,369.283203125
23044,1531.01293945312
46791,3601.11889648437
2124,1297.35595703125
17140,1530.38195800781
50481,573.746520996093
35568,372.06689453125
17483,432.3369140625
4083,3602.71606445312
20907,1200.69494628906
4172,3602.8310546875
45885,3596.89501953125
26399,587.981323242187
12372,3578.67700195312
43396,1485.70202636718
16566,991.112487792968
25520,1429.73303222656
16044,22.6282806396484
28013,66.2246017456054
8900,1753.46105957031
40686,1101.63903808593
36481,2937.35498046875
41102,337.093200683593
6245,827.939025878906
43479,269.562896728515
30200,3501.39892578125
44662,1112.80895996093
20768,1524.05505371093
32249,755.916076660156
24606,3087.3740234375
39541,2546.71899414062
477,1558.05798339843
49521,3600.32006835937
19330,266.095886230468
42543,3603.26293945312
35451,1010.40899658203
12563,795.866821289062
34855,401.134704589843
44406,3462.18798828125
38863,20.6237506866455
48594,1361.65295410156
44642,2592.54907226562
21096,1490.80505371093
46945,3320.99389648437
19504,2143.2109375
19372,523.310180664062
25137,3165.92211914062
30436,3010.85888671875
11023,1307.76000976562
7736,3585.3310546875
19568,2035.02905273437
10368,3214.02490234375
30122,670.838684082031
144,3377.64990234375
10180,3603.68798828125
37629,2164.03100585937
17693,0.0975329130887985
11771,88.0886077880859
6134,899.086975097656
18647,128.509201049804
47385,2693.56298828125
49490,3599.64599609375
46947,3188.16796875
21995,627.138305664062
44604,1875.92602539062
2118,2175.6298828125
46881,3231.85302734375
45895,3600.31005859375
38480,2203.68408203125
13172,2340.544921875
7335,67.5325012207031
8307,3602.67309570312
35567,362.525604248046
41365,3194.166015625
39276,2485.94702148437
47774,20.5135498046875
1767,3445.04809570312
24492,1859.92102050781
1588,7.74499988555908
30409,2752.1630859375
43003,2884.56811523437
42401,1618.32104492187
14119,9.00307559967041
22530,3228.17504882812
13446,569.023010253906
28684,491.186004638671
39354,1185.04602050781
46958,2240.02294921875
9356,323.272796630859
10585,3602.7958984375
42590,2492.36694335937
49582,844.889526367187
14638,1076.02502441406
30178,3595.19995117187
34885,1639.29602050781
25888,768.285400390625
10919,1751.21105957031
31789,732.5498046875
29039,323.137908935546
31798,1402.71704101562
25145,2471.15502929687
22106,166.639404296875
30374,3583.26904296875
41580,2916.43603515625
11603,3601.89794921875
1131,248.946304321289
45681,3283.01293945312
17043,2.23373699188232
1114,1081.78503417968
32362,3603.51611328125
7524,2989.6689453125
41859,1854.95104980468
30211,3352.01391601562
49433,3266.6689453125
48077,3147.15502929687
22275,483.586791992187
25146,2533.7509765625
35234,46.5365295410156
47828,1244.46899414062
47514,2821.6259765625
19569,2312.19189453125
36561,3320.22900390625
18911,2910.4189453125
14841,2509.05395507812
25815,511.767303466796
44795,159.01789855957
38975,775.838623046875
49560,1832.04699707031
10375,2593.40795898437
4267,3601.53393554687
478,1811.08898925781
10209,3566.3330078125
15189,1709.42102050781
21058,531.336120605468
47990,1019.53698730468
18777,2969.64306640625
1846,359.206085205078
32278,2158.82495117187
10625,3601.18408203125
5139,1681.76599121093
12723,40.4468383789062
30723,2670.19506835937
39282,2582.916015625
13,655.194274902343
10504,713.27197265625
31970,612.393920898437
10975,2930.77294921875
40803,355.043792724609
36179,600.424926757812
32111,110.384101867675
21491,39.3430786132812
13465,799.339477539062
40795,236.802505493164
33548,630.116821289062
9240,271.983001708984
27958,870.116882324218
30148,2446.17504882812
14402,3147.89111328125
35964,3487.20288085937
42001,255.56900024414
20838,1883.11901855468
20203,1634.06701660156
49051,1341.10302734375
32413,3157.73510742187
11927,2281.25708007812
47902,3602.26806640625
38415,3355.49096679687
1392,779.286071777343
526,624.990600585937
4466,1941.51696777343
30624,2159.02099609375
2250,3592.9541015625
40297,400.653015136718
23784,1598.79895019531
11349,622.102783203125
33053,2813.4580078125
21652,9.162522315979
17133,2400.06396484375
34519,2580.5830078125
22440,3072.61401367187
32175,2060.05004882812
17266,962.888305664062
32861,3477.01904296875
10266,3603.0029296875
24857,3179.18310546875
25167,3270.94702148437
17921,120.698196411132
12146,533.393310546875
46554,844.26171875
40981,1544.22705078125
32203,2307.63891601562
43108,2856.39208984375
27558,38.5251998901367
42876,3526.72094726562
48685,2378.39306640625
8689,3461.81201171875
10678,1455.65502929687
25408,677.605224609375
10355,3602.5869140625
12447,1338.03295898437
10649,2630.43505859375
36178,475.248901367187
16272,618.536376953125
3832,3448.17504882812
37428,728.706787109375
32125,287.321594238281
20187,2144.751953125
24896,885.030517578125
43461,536.062622070312
20799,1082.375
20815,1189.72497558593
47294,3595.830078125
22058,512.887329101562
46295,102.103996276855
36612,3594.40991210937
38896,102.694602966308
29823,951.183471679687
25451,487.754089355468
44666,567.790222167968
15224,714.758728027343
26232,820.673278808593
27282,1065.68505859375
36007,1251.05200195312
30062,1841.55200195312
23637,319.534210205078
9482,928.654296875
39083,2650.65209960937
8922,2912.86303710937
3047,39.1360816955566
40060,645.059997558593
12379,3391.02392578125
47998,521.388916015625
35114,199.886993408203
44005,3190.06298828125
7752,3540.34204101562
26927,2530.876953125
41235,1288.36596679687
34329,3573.24096679687
14564,291.769287109375
33494,254.153198242187
6013,2741.80590820312
4800,2599.7041015625
812,655.849426269531
16590,20.9241600036621
14249,129.576293945312
1426,849.131408691406
35042,260.624786376953
9442,1108.0419921875
37441,642.377075195312
46922,1906.50500488281
4927,1867.57299804687
10583,3598.73193359375
39572,2279.73999023437
2830,3461.88208007812
12608,281.472686767578
30461,2720.67602539062
479,1686.1259765625
45008,1003.65802001953
25860,887.450073242187
21282,772.148986816406
26929,1987.20397949218
42139,2876.13403320312
16059,5.220064163208
48334,308.590209960937
43456,382.790893554687
47368,2681.4189453125
34255,1237.25695800781
40368,365.332397460937
45679,2802.05102539062
16415,1373.43603515625
4014,3601.662109375
37763,3599.80590820312
46909,3517.17309570312
35852,182.683807373046
26688,44.2540893554687
1726,1425.99304199218
8593,3512.59301757812
41987,571.164184570312
2462,199.267700195312
26422,690.176086425781
26283,1818.4189453125
10656,2268.10888671875
48419,64.7617263793945
4932,1789.53100585937
5112,94.2716903686523
40694,1165.66003417968
41405,287.510192871093
37833,3601.68408203125
436,750.551025390625
35153,67.931297302246
32560,3112.64306640625
8664,3562.1298828125
96,2812.27905273437
12505,168.893402099609
15181,2068.916015625
19408,277.777404785156
23630,850.255004882812
33630,446.549011230468
11851,2456.38403320312
24314,1033.10498046875
45066,3248.16088867187
22808,455.653900146484
39108,3234.8330078125
7090,1941.13195800781
27553,18.2420005798339
10005,1370.77001953125
18416,314.953796386718
12160,724.302978515625
217,3491.291015625
48562,1005.36499023437
36456,1469.38696289062
36217,21.8651409149169
15870,479.220306396484
10324,3603.38110351562
27533,144.494705200195
4439,971.140075683593
26577,679.941101074218
39981,440.474212646484
36937,2657.39404296875
48119,3601.93408203125
36731,2616.00610351562
2801,3463.21801757812
22056,510.93179321289
1850,390.611694335937
3796,68.7144165039062
44733,1073.76000976562
23189,2254.14306640625
43041,3158.7880859375
10095,1778.60095214843
4353,295.575988769531
23363,9.64540767669677
30572,1235.86694335937
46469,759.786315917968
20155,3349.54907226562
9465,2104.73608398437
11690,2152.49609375
30131,780.292907714843
22380,274.848388671875
455,1779.208984375
4053,3602.07397460937
30053,2106.51098632812
13437,2843.0390625
28826,14.9331398010253
45674,3594.94311523437
16982,102.691001892089
3004,1182.03503417968
39993,92.3238525390625
15706,232.15559387207
44003,3039.7099609375
2707,3604.1630859375
18282,2369.625
46246,583.247619628906
5780,3461.82592773437
49217,2268.28588867187
1901,274.645690917968
16786,26.7475795745849
42637,1650.81005859375
45809,3541.61108398437
47922,891.907897949218
1899,342.989196777343
25024,1590.67199707031
902,3146.32495117187
9796,3291.03491210937
32061,768.45458984375
48707,1933.17395019531
10897,546.085327148437
5878,656.109497070312
14372,3095.5869140625
8094,3462.05908203125
48059,2046.998046875
39221,3370.99389648437
11566,1803.5439453125
4303,3602.31298828125
19541,1451.93298339843
38368,358.336608886718
11138,2292.27294921875
9625,1274.08801269531
14320,3581.5400390625
789,140.950302124023
7278,1625.89294433593
46907,3470.82202148437
35386,221.807205200195
15676,11.315710067749
18103,970.974426269531
10973,3496.58203125
37922,3600.34301757812
20210,2105.001953125
47315,3602.21411132812
46836,3594.11108398437
44291,517.876281738281
19389,369.15478515625
1771,3480.65893554687
13386,1414.99194335937
5267,3207.15209960937
17166,294.149810791015
18894,3135.65405273437
45564,3573.55493164062
31681,201.985107421875
27077,952.904479980468
32960,3137.29711914062
2372,3509.72094726562
34694,15.7315397262573
31927,715.846923828125
48129,3602.01098632812
11012,1079.03698730468
15874,253.717300415039
19614,1086.47204589843
43124,2842.94799804687
940,3582.32690429687
14387,3165.78002929687
23167,3604.46899414062
41879,1037.95104980468
32008,715.859375
32599,3341.47192382812
42694,3299.34692382812
39372,1912.81994628906
5693,3505.55590820312
27393,181.026000976562
43621,1646.52294921875
8814,3344.98803710937
17411,205.996597290039
32223,662.835021972656
43522,948.927429199218
47325,3602.15405273437
4478,2139.06298828125
14587,572.247985839843
19002,1412.86999511718
17303,1969.74499511718
5163,136.532302856445
43459,431.291412353515
49492,3599.63989257812
39706,1068.45300292968
49117,3427.20288085937
46800,3600.76611328125
14600,32.0584411621093
39374,753.366821289062
34406,1265.86804199218
33599,228.669403076171
3013,64.0314483642578
37852,3322.2548828125
23874,1633.07702636718
14491,206.85400390625
45481,3601.68798828125
26843,2453.67602539062
17137,1214.08898925781
31263,3604.1259765625
43295,516.236572265625
1372,569.648681640625
46935,2179.28002929687
11463,3604.07202148437
19784,68.653938293457
25849,572.001281738281
2945,3472.544921875
22750,945.448913574218
5328,1233.72595214843
10195,3603.07495117187
12164,1090.15002441406
48226,1451.86999511718
36101,1957.416015625
39467,2885.03002929687
20253,1801.65405273437
42565,1847.00805664062
17751,729.957214355468
9469,1612.64697265625
1680,225.579193115234
9685,2186.169921875
32869,3584.31201171875
7998,3460.876953125
1861,473.298614501953
27994,13.813850402832
27741,272.818695068359
31042,3581.24389648437
31687,80.26513671875
2381,3500.96801757812
20633,522.979919433593
25694,570.438415527343
14877,3596.09912109375
44855,1294.26794433593
31364,3569.31494140625
26380,558.88427734375
43741,1607.208984375
7094,2299.59912109375
11470,3604.02587890625
31894,1550.21997070312
7545,3462.82104492187
31114,3061.59594726562
1751,3293.70703125
27536,102.078498840332
32623,2908.67895507812
22416,2119.53588867187
24382,2520.07397460937
45743,2438.28588867187
12414,3589.27197265625
23867,1388.72705078125
27531,18.785530090332
8677,3510.31591796875
33198,782.377624511718
48715,1668.53503417968
34973,203.880599975585
15483,212.894302368164
30133,952.556030273437
35769,722.353820800781
29907,1305.07202148437
41497,1029.93505859375
42151,1960.22802734375
47568,734.314270019531
437,825.766174316406
46503,328.003112792968
23096,513.177124023437
49096,2813.80688476562
5659,2803.59497070312
47345,3486.81005859375
27664,399.07861328125
45793,3462.42700195312
45711,3602.66088867187
39966,876.398315429687
34385,3471.7490234375
35957,3165.05297851562
6043,1627.03894042968
11431,3584.73291015625
14341,3584.66088867187
30926,2540.36401367187
24357,1647.92102050781
27012,1359.11401367187
16160,3453.54809570312
25403,91.7728881835937
5230,181.16209411621
20943,1280.85705566406
16413,1232.44299316406
46916,2906.9609375
27749,641.573120117187
32196,3107.98901367187
27106,1225.66198730468
26352,1269.53601074218
31893,1580.68103027343
20446,1940.80895996093
39532,2466.07202148437
4218,3601.86499023437
26969,1310.37902832031
23305,53.9224205017089
32785,3137.96801757812
7962,2786.43994140625
42048,781.428771972656
25206,1408.60595703125
27926,243.568496704101
41597,2290.26611328125
10556,3032.623046875
15243,1619.76794433593
263,2508.83203125
23233,1209.50305175781
273,2364.53491210937
24193,307.463592529296
27940,541.304809570312
32447,3401.03491210937
19638,1384.28198242187
11427,3603.90502929687
2714,3604.18798828125
1557,1140.55798339843
21493,114.896499633789
48235,600.596801757812
38719,429.919311523437
38728,359.274505615234
3291,893.031311035156
40640,14.057689666748
15589,448.54800415039
11605,3603.02490234375
41260,3408.95288085937
33589,993.60498046875
47464,82.5406036376953
39565,2169.25390625
4239,3602.05810546875
43526,1225.05603027343
21299,1243.32897949218
25785,1017.13000488281
49120,3495.39306640625
43090,2494.43701171875
45287,51.0398216247558
9901,1884.27294921875
26108,155.727005004882
5356,3267.75610351562
4253,3601.67211914062
27636,281.85708618164
31214,3598.52905273437
10905,983.733093261718
14351,3578.037109375
37006,1719.9150390625
47910,842.468872070312
20241,1271.05603027343
1520,1651.05505371093
44621,2708.39404296875
33962,137.789093017578
27165,1027.42297363281
24556,1460.06103515625
49486,3600.14404296875
39878,1535.97900390625
20137,1547.41394042968
17493,1069.81994628906
34607,921.269287109375
32412,3322.7890625
43286,651.2197265625
17441,1725.78405761718
24669,985.874328613281
37189,174.253692626953
2863,3155.94311523437
20685,126.194900512695
29434,374.0126953125
13276,696.736083984375
42666,2295.18188476562
43216,1151.376953125
19470,859.210205078125
42627,2361.11206054687
10239,3603.65405273437
30474,3604.42602539062
47196,3602.26806640625
343,434.43179321289
47484,1685.50805664062
9591,3508.6669921875
18398,471.019500732421
7744,3265.14697265625
49418,3601.86499023437
37871,3592.9208984375
42406,56.268211364746
28730,132.969192504882
44674,832.275024414062
24739,390.174407958984
43907,2258.212890625
41724,3603.26293945312
3073,1417.35205078125
2706,3604.35693359375
20785,857.0576171875
38668,3420.21704101562
24024,20.2310695648193
41783,2525.96508789062
5216,874.723876953125
47397,2907.71997070312
18859,161.188995361328
45414,3602.8720703125
4953,2841.88793945312
33679,1610.39501953125
45118,1388.21899414062
2500,1847.37097167968
22605,3603.16796875
37582,1493.30200195312
4971,3597.4990234375
42955,2846.06298828125
7228,683.163208007812
5153,495.268005371093
38160,1697.71899414062
532,777.847900390625
47861,2369.96508789062
30034,2817.96801757812
5916,864.916015625
15014,2560.17211914062
48198,1005.25799560546
42141,2095.0859375
45626,3602.22509765625
6221,1306.09899902343
34564,919.372619628906
41394,1050.2919921875
6429,2220.53002929687
23711,3034.80810546875
12560,1028.68505859375
36677,1785.15295410156
18296,1356.81005859375
47203,3602.03295898437
38142,2183.85888671875
49552,1099.82995605468
42555,2612.61206054687
47952,878.440124511718
39242,2297.79296875
50476,501.613189697265
322,646.924499511718
23093,919.64990234375
4002,3601.98608398437
5894,55.1354789733886
12393,3593.52587890625
44613,2239.35205078125
48427,27.8556499481201
32541,3039.64404296875
8205,3529.69702148437
23299,26.0967693328857
22599,3602.97705078125
44861,2990.38989257812
5690,3535.6298828125
39053,2249.81396484375
10031,2106.60009765625
43744,1662.76794433593
41299,3585.11596679687
1874,788.535217285156
19361,232.340393066406
26698,69.8212127685546
32446,3554.7060546875
39955,1248.38696289062
3044,151.147003173828
32058,224.209594726562
837,3381.17797851562
29607,871.3994140625
37098,1973.333984375
4142,3602.4599609375
49630,628.325317382812
37047,2641.02709960937
32448,3531.6650390625
44886,3221.24194335937
8841,3589.56494140625
29605,948.239624023437
34552,1111.72094726562
10361,3604.05297851562
44430,1572.19995117187
38913,231.51870727539
49099,2761.52905273437
4294,3602.61499023437
6835,880.213928222656
45381,3602.44995117187
10760,3568.55590820312
32854,3137.287109375
38352,61.392478942871
47332,3502.15307617187
31592,1220.47497558593
41634,1531.81005859375
18189,2701.51098632812
32395,3292.06103515625
33734,1744.27795410156
22409,2898.32006835937
30788,1458.20397949218
536,1139.24096679687
6863,893.110229492187
45753,2516.18798828125
8695,3461.8291015625
2825,3461.11889648437
15941,535.063415527343
27089,885.881286621093
26472,80.987937927246
26529,306.806884765625
38596,1274.32897949218
30571,1316.89904785156
22667,1929.7900390625
4862,3318.29711914062
30838,821.284729003906
30405,3222.94091796875
36137,602.664916992187
4170,3602.91796875
30413,1930.84301757812
6145,1314.15502929687
7120,1618.00305175781
42110,3193.580078125
40956,1894.85803222656
30724,2171.47192382812
14250,169.399703979492
32827,1206.61901855468
25333,897.501892089843
39050,2246.19311523437
8673,3585.94995117187
7242,1107.08203125
6321,1.05245995521545
9286,2461.35791015625
40710,689.806823730468
43358,723.335815429687
2255,3399.080078125
14775,1297.58605957031
10048,2780.57690429687
31124,2655.85888671875
45621,3603.583984375
45171,92.4652023315429
12743,70.0882568359375
15178,3247.23193359375
23236,587.820373535156
14413,3158.42895507812
26371,260.268798828125
43313,1144.13098144531
10944,3602.44897460937
12582,866.723327636718
29514,163.302902221679
17893,63.9598388671875
20162,2234.1669921875
4736,434.036895751953
23098,627.6923828125
1207,142.937301635742
11639,2060.3798828125
14488,237.13980102539
30591,1610.63098144531
40141,1883.16296386718
27841,14.5486402511596
5995,2681.27807617187
40225,894.652526855468
16976,4.32468509674072
20559,1966.75695800781
40197,1410.93103027343
3030,266.000213623046
16569,1222.90600585937
22781,1172.96704101562
17566,16.6027202606201
34482,3584.94604492187
44940,2231.84008789062
2483,2596.07006835937
47486,759.265930175781
26923,2083.25805664062
25260,289.238311767578
32402,3475.96997070312
11928,1923.64001464843
25628,58.343521118164
37699,3007.89599609375
37564,2701.28002929687
21244,499.16958618164
26177,33.0547904968261
18244,2684.62890625
16446,1703.48596191406
28308,172.210098266601
2896,2717.4208984375
42598,2597.75708007812
14309,3481.32788085937
6504,3338.1220703125
30068,2379.73193359375
8137,3461.31005859375
19663,1304.23803710937
20376,3535.51489257812
37764,3486.0029296875
32732,1564.61499023437
2644,970.806884765625
10778,3451.15307617187
180,3235.5439453125
40797,194.155197143554
43296,565.52587890625
2309,3413.1650390625
9704,3603.1708984375
26268,1033.93701171875
32417,2813.1669921875
33984,386.518310546875
26105,55.3845901489257
39633,1992.53198242187
27189,795.68701171875
21802,20.0477409362792
33028,3489.68603515625
24984,1952.99401855468
3810,866.338928222656
23393,168.510803222656
11038,3552.7119140625
18073,226.784698486328
12139,262.958587646484
1383,940.627319335937
33000,2753.75805664062
7106,1390.69799804687
43031,3037.14599609375
4838,3273.7900390625
4744,681.081726074218
36414,343.452911376953
22012,96.3383026123046
41475,3028.81909179687
5274,2981.59008789062
32550,3420.623046875
9865,3357.4140625
42351,617.473571777343
20650,796.206604003906
27937,777.071228027343
11587,3602.86791992187
44322,1196.68896484375
41895,484.88198852539
36074,1330.88500976562
20515,822.870727539062
10055,2168.23803710937
30509,2466.4140625
33859,1350.15295410156
3256,448.997985839843
48189,1301.54699707031
31819,665.055297851562
45578,3581.69091796875
25177,3072.662109375
9430,391.233795166015
41765,3603.48803710937
20119,2072.36694335937
16359,610.359619140625
30415,1567.15197753906
10990,3485.55590820312
37450,804.283874511718
4798,2038.85900878906
31402,2746.333984375
31431,1806.17797851562
13106,168.820007324218
28384,17.5495700836181
30720,2617.7060546875
1794,3603.42895507812
29414,67.9754104614257
11263,264.59829711914
36586,1451.38305664062
20359,1279.29504394531
34428,2013.38500976562
47585,292.872406005859
15237,1170.79895019531
8863,3262.73803710937
38067,1953.76403808593
36867,3212.77001953125
15010,2735.06103515625
3945,3602.85888671875
43750,653.083129882812
38674,3090.90087890625
32655,2368.2880859375
30574,1470.80004882812
22828,533.740417480468
26730,79.1555480957031
15858,543.985229492187
48164,1581.9560546875
22740,1383.76098632812
17714,173.545501708984
30049,2403.037109375
22822,307.109100341796
8586,3574.76293945312
38628,1547.43395996093
8961,772.669921875
50221,129.767395019531
35604,757.306579589843
36099,3120.69189453125
27333,312.867095947265
15118,2710.38500976562
50066,584.938720703125
32194,2704.8740234375
43190,1449.73095703125
19382,736.999084472656
23130,3185.05102539062
8602,2691.61108398437
39195,2622.81396484375
528,509.349090576171
559,845.205017089843
37067,1496.11401367187
25393,139.275894165039
36307,125.216796875
48639,3584.36596679687
32955,3096.92700195312
12589,1139.53198242187
27927,216.612594604492
21472,84.8716430664062
30060,1940.00500488281
46063,272.343597412109
8514,365.408996582031
15740,39.8949089050292
36965,1849.48596191406
32702,1238.81103515625
20720,2238.53198242187
16639,24.9011306762695
32756,970.275329589843
28666,3105.46606445312
24272,1975.51000976562
10544,1585.69604492187
34594,1964.92395019531
19740,42.8944511413574
11250,38.7592010498046
14634,528.116027832031
4949,2773.19311523437
37245,195.609497070312
23058,1166.85900878906
32040,73.2210464477539
4417,382.006103515625
4264,3601.83911132812
40180,2981.87890625
37574,841.341369628906
31073,3503.55908203125
8212,3405.86694335937
8290,3602.82202148437
20296,2983.25805664062
45695,3602.77294921875
33724,3030.75390625
44915,3339.22412109375
1780,3477.2958984375
34464,3495.40795898437
10141,3603.42700195312
35844,12.4825401306152
11758,332.55859375
278,2362.0
29667,2223.15087890625
22594,3603.65405273437
27892,1068.98999023437
9580,3551.43798828125
26542,142.022796630859
23551,82.1560287475585
26236,695.848876953125
32180,1794.00305175781
28685,642.987487792968
15024,1582.30297851562
44395,3461.625
25293,1984.76293945312
45374,3602.65087890625
374,460.216613769531
38180,460.842102050781
36557,2854.38500976562
43287,691.232116699218
29741,584.989196777343
8300,3602.73388671875
34903,637.969299316406
32077,1444.91796875
12442,2224.86303710937
37868,3550.81103515625
48231,1355.67395019531
18442,12.0028495788574
40779,750.393188476562
12157,369.725799560546
24675,630.932678222656
20093,94.3590011596679
30628,2437.9130859375
42358,1223.68103027343
10779,3455.876953125
34307,3604.5830078125
49055,974.74658203125
21050,1264.28405761718
11186,37.1061401367187
38893,148.412902832031
50110,824.530029296875
47456,334.682495117187
15970,661.588684082031
36078,1511.78698730468
38946,1121.01196289062
40541,8.01554107666015
26481,91.0950393676757
33952,185.127899169921
32404,3501.21899414062
26786,1031.83801269531
17000,473.251098632812
34067,1869.11596679687
26849,2129.92602539062
34846,301.85009765625
39960,855.550170898437
11678,759.549621582031
29513,283.129913330078
14487,434.645294189453
128,3604.42602539062
4630,481.976196289062
18874,796.738586425781
2339,3581.06811523437
48641,3585.90991210937
10695,3337.39599609375
44471,3079.6640625
43511,575.580688476562
41700,3603.94995117187
20743,2215.5
10657,2509.67309570312
40989,2184.77587890625
16123,1020.40502929687
404,1205.10498046875
39020,3534.21704101562
2625,2579.2509765625
22576,3545.26098632812
7309,209.830795288085
44099,3085.3291015625
18166,1224.21594238281
24804,1309.81201171875
7559,3232.251953125
14266,827.774291992187
14146,47.6449089050292
8750,3602.41796875
31657,1921.31103515625
20390,1105.76196289062
13183,592.164001464843
17643,605.721618652343
12255,882.662475585937
40958,1332.59497070312
24389,2551.70288085937
13403,594.963928222656
44647,1815.63000488281
14826,352.095306396484
44151,669.577819824218
41503,1081.90698242187
43214,1367.08898925781
964,3382.55908203125
49092,3602.26806640625
19142,63.3875617980957
38008,3217.14794921875
33705,3579.95703125
40525,355.165496826171
8362,110.219703674316
32973,3488.1650390625
31354,3604.18090820312
25969,231.780807495117
3929,3602.58911132812
14840,2667.65600585937
43405,1301.92895507812
5651,2379.79907226562
41306,3562.56811523437
5063,610.798278808593
26029,129.132507324218
22795,582.359985351562
33170,1702.2099609375
44717,407.730804443359
35871,339.658996582031
12265,3551.28295898437
26221,271.500396728515
11908,2989.2490234375
42914,2924.37890625
37599,1744.61694335937
47316,3602.27099609375
46837,3601.041015625
39806,2738.61791992187
41175,300.412689208984
36707,3068.48510742187
33373,15.7521696090698
4802,2195.92700195312
1542,1720.47595214843
29370,18.6375102996826
40263,1013.16302490234
42542,3603.3740234375
21655,16.2366905212402
31201,3603.47509765625
32787,3093.52905273437
17325,58.1616592407226
48065,2292.09912109375
6045,1836.26196289062
30237,3521.08911132812
18872,227.802597045898
483,1309.22399902343
6015,2447.68896484375
19551,1586.623046875
42794,999.709716796875
43619,872.58642578125
19941,39.8033294677734
29022,65.0744476318359
43819,7.31867694854736
1163,1.38660299777984
40809,376.269409179687
10966,2659.56811523437
10198,3602.99194335937
42890,3522.77392578125
5728,3569.56811523437
38013,3059.91796875
32341,3603.34301757812
41397,704.637390136718
8934,2920.23388671875
11997,345.835388183593
9485,1341.875
7128,945.940979003906
36366,52.9426307678222
37765,3452.28295898437
26193,659.168090820312
4411,460.506591796875
27737,138.271697998046
38404,2620.86108398437
465,355.622009277343
32589,2934.81103515625
28072,629.860717773437
22410,2968.97192382812
5021,437.94448852539
33052,2830.02197265625
9528,2757.9169921875
48573,1090.11596679687
18085,117.414398193359
22523,2751.85009765625
1599,41.8886489868164
32240,830.615478515625
30345,3318.18310546875
36506,3350.03295898437
20893,1702.10900878906
9541,3432.30102539062
40815,568.156799316406
47956,372.092193603515
29828,704.300415039062
4018,2296.66088867187
3960,3602.59497070312
27216,327.122314453125
4292,3601.8359375
49330,1153.51794433593
33914,1181.46594238281
9434,671.547180175781
4,380.650695800781
44947,2542.10400390625
2367,3471.4609375
9455,1418.5400390625
36717,2641.17309570312
4427,493.79360961914
16372,27.401309967041
8775,3602.04907226562
38500,3110.205078125
8071,2795.85107421875
33908,1162.27905273437
39685,1384.97705078125
9932,346.164886474609
11076,3584.75903320312
32455,3431.97705078125
8573,2264.9609375
36122,139.174392700195
50507,1592.90002441406
38242,443.550506591796
988,2295.8310546875
35295,662.124328613281
36485,2917.73510742187
33971,327.927612304687
9331,1447.83605957031
39995,204.649002075195
19484,1089.01000976562
32470,3581.0029296875
44158,2024.541015625
44061,1065.64196777343
277,1994.22204589843
37011,1958.96704101562
21287,665.318176269531
21503,142.648803710937
47583,568.744506835937
45857,3600.59790039062
2626,2550.63598632812
3595,2085.18896484375
30687,1519.11596679687
47361,3584.67309570312
10942,3543.86206054687
45746,2677.59594726562
19644,1325.81103515625
35409,728.871276855468
24505,3124.876953125
25742,1151.32495117187
43587,696.275695800781
45666,3602.71997070312
10248,3603.67700195312
8773,3602.47705078125
17620,1445.06896972656
13113,625.842712402343
29704,197.439895629882
20885,2288.9130859375
26552,262.228302001953
39123,3587.81298828125
15892,387.877288818359
4065,3601.69995117187
13387,1711.85095214843
49391,1260.67700195312
261,2649.13696289062
47302,3602.13403320312
8158,3461.7099609375
31282,3217.02294921875
32948,3031.52905273437
42472,878.904174804687
26576,695.998229980468
47819,722.675415039062
44649,1665.36804199218
27554,41.4042091369628
24442,3381.15307617187
37182,1125.78698730468
1875,794.236328125
16323,3297.22607421875
21243,654.797180175781
24288,2261.06005859375
25671,21.408519744873
30634,2112.92700195312
8004,3460.669921875
34323,3582.0849609375
49441,3600.65698242187
24019,28.7288208007812
2507,1992.123046875
4676,5.41720008850097
8952,1057.44799804687
27176,536.317016601562
11085,1865.86499023437
18944,1200.59704589843
43042,2428.6689453125
40172,1866.15295410156
1733,2182.11010742187
13427,2203.669921875
4815,2916.9599609375
2615,1630.80395507812
27637,267.279907226562
37097,2295.84594726562
1864,1222.27600097656
8783,3601.64599609375
38333,295.991912841796
33664,1673.50598144531
27423,511.484893798828
47923,1808.75695800781
42678,3602.626953125
593,102.358703613281
38355,136.29670715332
24686,793.935424804687
27464,86.8433227539062
20474,1366.86499023437
38608,321.215301513671
38908,156.83560180664
42093,2794.962890625
33553,552.333984375
34975,281.946014404296
42088,2473.77490234375
14264,709.791625976562
47864,1949.31298828125
14395,2457.47412109375
14871,2420.56909179687
10529,379.834686279296
17329,521.637023925781
30493,2359.13598632812
30915,2597.73193359375
31066,3457.15405273437
1404,165.33689880371
26455,133.094192504882
16212,2947.498046875
19713,500.687103271484
19606,2044.38403320312
31520,3252.94189453125
40753,667.963623046875
29866,946.903625488281
1283,194.195693969726
15163,2279.6640625
13886,0.750198423862457
26002,798.404174804687
1463,159.753601074218
31241,3587.2529296875
33742,1918.85900878906
1461,230.169692993164
48759,305.099487304687
1496,1848.623046875
25601,959.393188476562
30502,2456.34790039062
31421,2748.958984375
45719,3602.97290039062
42149,2067.31909179687
40228,1356.6650390625
11910,3352.72290039062
17141,1481.44897460937
14727,56.1607017517089
11628,3602.23510742187
16219,3423.8701171875
20924,1170.88598632812
25048,1740.43505859375
33158,1715.01196289062
16183,3424.15600585937
29660,2022.998046875
49528,3045.19189453125
2131,2234.09790039062
43466,754.846008300781
47813,389.057708740234
25034,1936.56799316406
5816,3598.2470703125
34455,3333.77587890625
30780,2516.24291992187
47638,10.0984497070312
48625,3486.287109375
12231,307.945404052734
25636,78.2956314086914
31561,3365.7958984375
16928,119.428298950195
22678,1422.76403808593
37392,9.7409496307373
42629,2259.15502929687
33745,1778.48400878906
49083,1483.10900878906
25901,385.491790771484
14356,3502.97290039062
25659,58.4207000732421
46773,3593.70288085937
18419,205.020599365234
1444,891.14111328125
40310,1769.68701171875
17725,161.371200561523
15843,349.918487548828
11004,925.149108886718
28003,309.87759399414
1397,102.877403259277
49500,3599.35205078125
22732,1417.56005859375
6604,865.025817871093
17646,571.260620117187
21091,2001.61901855468
38603,597.084289550781
11606,3601.74291992187
18333,2687.48388671875
38144,2483.15600585937
39576,2264.72802734375
16753,0.78853440284729
1058,92.2833023071289
6023,2457.32104492187
31500,3556.02709960937
30246,3174.8740234375
11134,1579.55505371093
24489,2041.34802246093
30806,3047.458984375
36827,2815.30810546875
11465,3603.97998046875
5111,109.776702880859
44060,914.364624023437
37091,1716.74194335937
29432,452.30288696289
8192,3521.31689453125
18220,3242.06103515625
600,66.6415100097656
19910,85.2107009887695
2105,853.411926269531
1119,1000.24298095703
22434,3573.96704101562
26888,2591.25
2743,3604.291015625
8675,3515.1240234375
24783,406.243591308593
36653,1854.32604980468
22749,952.679077148437
9281,2337.8291015625
25332,911.847229003906
8546,2459.26806640625
28679,837.168212890625
36158,355.912414550781
36608,3531.96606445312
45761,3335.57788085937
23632,597.755187988281
34132,1991.28198242187
47816,676.744689941406
25681,108.137001037597
15257,828.49072265625
8313,3602.99389648437
46069,277.761291503906
13551,1006.90698242187
34942,640.038024902343
39646,1546.55700683593
31251,3599.57202148437
14546,37.1796607971191
27753,25.4314498901367
17930,64.3210525512695
24674,578.986083984375
45806,3590.15698242187
34169,3595.21801757812
1462,248.442901611328
17420,0.034533329308033
20612,702.310424804687
10065,1478.79699707031
18238,2508.42797851562
17871,83.6890029907226
31810,1572.30895996093
39792,2138.30908203125
21723,714.555603027343
23183,1966.11401367187
17818,363.824890136718
16329,3004.61108398437
23852,2690.7939453125
40817,470.546295166015
31544,2927.01293945312
449,754.007995605468
42781,677.729125976562
28107,91.5225219726562
19388,276.363494873046
9267,1148.61096191406
50480,368.269409179687
518,1240.82397460937
6051,2162.98291015625
12540,885.474487304687
32211,1616.94604492187
40174,2307.55810546875
33101,1391.623046875
44622,2460.67700195312
8580,1535.44299316406
8595,3537.955078125
48214,1761.66296386718
1787,3597.15209960937
19503,1929.65197753906
26107,111.059303283691
26050,8.04197692871093
17812,312.783599853515
31344,3604.19995117187
10528,388.354888916015
25280,1972.81298828125
15733,169.599197387695
27686,279.647308349609
45858,3597.96704101562
12872,146.80760192871
46558,675.341674804687
34054,3240.60400390625
32872,3604.24609375
17781,519.089111328125
37133,637.938171386718
41174,252.380004882812
49369,564.3466796875
10019,1284.47302246093
9392,456.285888671875
46733,3594.5830078125
18145,595.067993164062
25064,1259.67102050781
8009,3460.94506835937
8791,3596.09692382812
27334,303.191986083984
6637,132.625396728515
4191,3602.13793945312
2946,3463.2060546875
17721,398.730895996093
14000,231.54849243164
3686,63.774299621582
40766,671.717712402343
12226,233.085006713867
17272,1020.49200439453
21367,1582.95300292968
32337,3603.34008789062
30570,1097.49304199218
28169,382.976409912109
30181,3579.97900390625
40720,1018.50299072265
38003,3454.31103515625
17942,146.47590637207
20475,1088.42504882812
6285,81.4844512939453
33165,1911.27697753906
26975,844.702819824218
34474,3514.61596679687
32700,1114.20300292968
33259,255.081497192382
1096,470.020385742187
21007,739.375671386718
11175,915.3544921875
42839,3350.09790039062
48143,3602.5
41809,232.460205078125
39941,1664.61206054687
8624,3464.07397460937
46852,2651.36889648437
268,3587.51098632812
7996,3460.71411132812
42574,1740.22302246093
9507,826.552612304687
4782,2668.7919921875
33229,801.407470703125
12922,19.270450592041
32284,2338.5048828125
32154,1197.07397460937
15926,624.356628417968
45532,3600.96508789062
28633,733.132385253906
14373,3143.55200195312
22475,3352.2060546875
43764,734.153625488281
1871,789.679809570312
41300,3600.32690429687
52,712.058898925781
24950,1523.27600097656
2560,2416.32006835937
11166,1044.23706054687
274,1935.84704589843
38442,3591.18798828125
18792,3313.92407226562
35555,562.61181640625
43135,2349.82495117187
46785,3584.30102539062
44925,3245.02392578125
44640,2491.80810546875
39935,1009.55999755859
23720,3374.51708984375
16241,2800.02807617187
10197,3602.90087890625
6424,937.984680175781
25128,1382.90100097656
17817,221.227493286132
34392,2110.85498046875
32600,3035.57495117187
30791,2038.31201171875
42428,318.251312255859
44033,1621.458984375
6635,172.128997802734
2795,3548.05908203125
40158,549.7529296875
47195,3602.42797851562
40800,482.323791503906
5232,344.165405273437
34478,3543.97607421875
30615,2353.53198242187
30956,2246.30810546875
13473,465.759887695312
40079,1840.79504394531
10345,3602.705078125
26700,28.2093601226806
50486,1250.10998535156
42424,27.6022090911865
46915,3118.126953125
45592,1383.50695800781
40179,2952.40991210937
16607,147.275894165039
16216,3255.65087890625
22042,643.049987792968
14200,38.5130882263183
6498,2833.1640625
37727,3244.21704101562
41372,1896.76098632812
22773,761.577819824218
3070,890.985595703125
13396,2340.07592773437
13397,1564.38500976562
27769,998.140991210937
7010,1110.73706054687
43218,905.628723144531
5776,3461.58911132812
15212,747.434814453125
15288,454.83609008789
34002,676.827880859375
44083,2316.68188476562
20147,2526.34912109375
40683,1024.31799316406
36809,2676.77197265625
5391,2.65553307533264
5999,2614.55810546875
37437,671.102478027343
41977,1137.7939453125
24496,1763.72705078125
1844,360.869812011718
29366,0.727069973945617
20936,2021.01403808593
23,1053.77197265625
16502,13.9607896804809
19999,1351.45104980468
1211,211.025405883789
27266,1585.01000976562
13325,109.875801086425
8294,3602.998046875
8840,3586.9970703125
45463,3600.98706054687
1551,2091.77490234375
18174,2112.2900390625
42067,126.737098693847
20541,1552.76293945312
28136,405.544311523437
37353,72.2176971435546
32327,3603.64697265625
20478,1122.5
2487,2741.787109375
17624,2746.498046875
49425,3602.06494140625
8565,3461.99291992187
34303,2177.79711914062
10541,2200.64697265625
2322,3603.44189453125
21622,119.828300476074
47571,843.357482910156
40955,1768.64501953125
17323,270.671112060546
13491,237.62319946289
44440,2583.11010742187
44627,2099.8798828125
11006,877.171875
15891,445.498596191406
36661,3106.07104492187
49145,2951.01196289062
22099,307.119995117187
19744,232.202392578125
23166,3604.48999023437
22374,21.9269905090332
21258,556.193420410156
10142,3603.61596679687
8176,3506.21997070312
29877,1138.83898925781
8776,3602.67504882812
34494,3564.73901367187
308,882.5654296875
5637,730.761779785156
2961,3377.50390625
9303,3378.52490234375
10217,3328.15600585937
6438,3480.41796875
38950,904.603576660156
18881,974.565979003906
46835,3600.89599609375
6167,2503.14697265625
39244,3215.46606445312
9371,329.886810302734
46067,322.990509033203
15311,13.5662298202514
47229,3444.59497070312
24827,729.898315429687
15974,555.025817871093
21259,693.60302734375
2852,3461.20190429687
27904,206.148696899414
43043,2927.28100585937
7777,1274.97204589843
28007,286.29638671875
44714,706.136108398437
2263,3376.09692382812
14191,29.8708000183105
15275,285.138488769531
37390,71.6189727783203
33189,786.442077636718
27774,49.5973281860351
25021,1172.98596191406
8767,3601.80395507812
20234,1503.15795898437
32114,240.86799621582
11711,826.767822265625
30144,3021.5439453125
43019,2607.27392578125
20634,558.132080078125
30787,2047.80700683593
35729,183.596405029296
21401,116.621803283691
12293,3603.77197265625
2987,2600.26098632812
48035,1332.4560546875
28703,3.46940088272094
26795,537.557983398437
49329,1618.18298339843
40052,582.96728515625
35105,331.429595947265
36912,3108.5810546875
15215,385.906311035156
43004,3118.38598632812
14926,3593.27294921875
40690,1003.958984375
26460,48.9402313232421
30985,1400.7490234375
46900,2956.18798828125
7122,2050.26904296875
12158,536.875671386718
25173,2656.69506835937
11492,3603.84790039062
6652,124.183097839355
33433,463.881713867187
47751,230.89599609375
9763,3285.59790039062
40241,1033.09704589843
3045,113.375900268554
30379,3584.2099609375
41363,2909.97607421875
10386,3404.38696289062
1467,276.630187988281
42561,2007.17700195312
15500,417.242401123046
24311,889.044311523437
24880,2001.55200195312
38985,2560.35009765625
11267,526.788696289062
34927,190.386993408203
6054,1751.76501464843
2269,3501.498046875
14828,263.615905761718
32977,2679.9609375
2296,3603.60107421875
10399,3572.39501953125
4474,1551.35900878906
20657,581.916809082031
790,94.8503265380859
19580,2451.65087890625
30495,2150.85400390625
24660,1625.55297851562
17327,290.163391113281
22833,345.220794677734
33665,1768.67602539062
15337,382.241607666015
36556,2328.36401367187
29018,385.967987060546
18927,2054.0869140625
5026,174.799194335937
31572,1853.16796875
43541,630.809204101562
17330,478.909790039062
27167,882.623107910156
7569,2446.12109375
11132,1076.52404785156
30162,3479.833984375
47141,156.1123046875
45920,3600.162109375
5756,3420.10302734375
20747,2825.419921875
33795,1912.98803710937
41386,1401.11096191406
36175,218.987106323242
45115,1447.28405761718
21343,7.70686197280883
44044,750.506286621093
39743,498.168792724609
10036,3061.63500976562
28033,326.904388427734
4058,3602.72192382812
11642,3364.59399414062
48539,76.397346496582
4753,577.115173339843
38513,3601.26000976562
16239,3152.34692382812
18147,359.025909423828
37131,693.695373535156
17088,50.2349205017089
42633,1937.85302734375
31528,2690.28588867187
488,180.412292480468
41952,199.955093383789
2849,3460.5390625
39717,817.818115234375
24194,232.595703125
1528,1854.57299804687
47674,745.599426269531
5221,602.201721191406
18413,279.994812011718
18904,2892.77905273437
4853,2311.419921875
34292,2324.70092773437
5164,91.9598770141601
34286,1374.52197265625
31587,1569.96105957031
41803,346.483306884765
37766,3602.0380859375
2533,2637.287109375
31076,3555.88305664062
42349,582.471130371093
15128,3027.22705078125
44956,1875.93701171875
17522,34.0783805847167
2521,1999.48400878906
42016,9.7469892501831
35730,98.7895889282226
38198,5.01280879974365
27584,25.1280708312988
46949,3197.81494140625
18675,201.517700195312
37367,247.623397827148
19590,3006.81396484375
20284,3318.20703125
37999,3482.19409179687
44374,3462.46606445312
7993,3460.38305664062
28695,262.570495605468
29376,71.7436828613281
13678,124.340896606445
46759,3599.97998046875
11747,716.350830078125
26010,517.800415039062
35878,851.097717285156
45486,3601.787109375
35235,131.096496582031
39606,2411.11694335937
11788,303.73941040039
39350,1630.18200683593
17825,321.205688476562
32074,1272.32800292968
4305,3602.73706054687
17874,133.779296875
40394,25.9337406158447
27568,139.273696899414
10066,1345.65197753906
38109,2963.04907226562
37172,677.292785644531
6546,2908.455078125
27989,165.297698974609
48057,1538.92004394531
2283,3588.791015625
17814,234.045104980468
34577,895.164794921875
4013,3602.10009765625
40054,581.577575683593
19146,52.0587196350097
1688,258.70849609375
33434,544.709899902343
36080,1157.0400390625
6657,11.4750604629516
37413,22.6382904052734
29620,13.8779001235961
44901,3574.35693359375
34910,372.828887939453
6615,92.4443130493164
4390,160.090393066406
10573,3577.212890625
24080,217.333602905273
39005,3602.44897460937
47244,3602.19995117187
26427,1056.17102050781
32390,2686.49291992187
44730,611.714782714843
12590,1167.14099121093
40024,421.236999511718
48767,6.69667387008666
6152,1887.71594238281
39652,1658.69396972656
28141,142.082000732421
13125,3042.72290039062
44470,3013.69799804687
2951,3590.2041015625
36192,995.469970703125
18812,1121.88195800781
4190,3601.6669921875
49444,3600.85693359375
48009,1009.18298339843
32860,3269.1201171875
9399,99.9936599731445
45543,3601.53002929687
8875,3243.125
9386,531.205322265625
23355,24.2216892242431
10185,3603.52587890625
40353,285.595794677734
37167,2408.94702148437
30359,3561.8759765625
23860,2041.02404785156
32036,204.016204833984
42791,538.081909179687
1701,639.032470703125
35940,3599.36596679687
438,1116.48706054687
37186,277.384490966796
43133,2450.13305664062
44058,975.597717285156
23668,386.0087890625
50048,195.768402099609
49124,3601.07592773437
37059,1674.91296386718
31610,2912.291015625
48997,111.559997558593
39063,2558.26611328125
37388,171.249099731445
75,41.9472389221191
36503,3336.88208007812
9506,819.508728027343
20914,432.56851196289
16185,3401.623046875
12609,228.873596191406
28807,51.3529396057128
20645,363.453002929687
30316,3320.001953125
32846,2708.99096679687
46772,3518.55493164062
13153,3529.34399414062
924,3533.80004882812
25004,1071.5
30637,2283.82495117187
34857,342.575012207031
43422,1984.07702636718
24703,206.209396362304
14274,998.473876953125
29792,1119.40698242187
38418,3597.6708984375
25046,2278.037109375
32258,1477.75695800781
50102,481.7333984375
45062,2399.12890625
21417,5.63400411605834
44783,551.779479980468
22586,3599.69897460937
26300,1094.92504882812
45002,1614.99194335937
17703,256.103088378906
37662,3083.92700195312
7279,1693.11096191406
44977,1473.33898925781
39575,2287.29711914062
46334,40.4097518920898
11202,61.6679611206054
1860,407.412200927734
941,3445.82006835937
9564,3511.25390625
46075,218.895904541015
34134,1996.96496582031
32815,2140.69799804687
5033,15.7212200164794
32379,2867.52099609375
21395,24.2825508117675
8126,3472.419921875
38173,560.418884277343
26425,1189.89599609375
42319,457.978302001953
992,1840.80004882812
27173,484.466705322265
20965,555.51318359375
46619,888.295776367187
1,453.76919555664
2590,1915.86499023437
14843,1592.16296386718
13158,3604.79907226562
21098,1486.84301757812
8710,3462.42993164062
14252,133.21629333496
48123,3602.11401367187
25813,546.755187988281
42397,2419.09008789062
61,663.703125
24367,1271.11206054687
12707,181.729293823242
33039,2614.623046875
42988,3256.09692382812
18946,864.348022460937
24255,46.3430709838867
11884,3022.580078125
47660,770.875
44900,3436.9609375
38899,94.0366516113281
45741,1223.04699707031
33999,779.133972167968
26477,62.3278503417968
24586,2574.44409179687
9976,438.019287109375
44553,1028.21398925781
23368,496.097595214843
47438,1383.0
22640,3406.1630859375
34057,2771.89990234375
25755,2123.55908203125
24958,1448.37194824218
32281,2492.55590820312
32157,1054.42297363281
31303,3498.9208984375
49551,1269.00598144531
14861,1808.68395996093
7512,2037.32202148437
31334,3588.54809570312
28320,113.618896484375
5771,3338.99389648437
20037,1365.7509765625
446,1351.39196777343
20801,2249.34399414062
591,257.217010498046
43364,586.0322265625
8982,91.8872528076171
35912,3408.66796875
16795,96.7004928588867
16465,167.494400024414
4298,3601.57299804687
29690,530.139526367187
16244,2725.22192382812
49586,1079.81396484375
42063,430.376586914062
20059,389.512786865234
33951,293.810607910156
44260,855.571472167968
3285,966.931213378906
7557,3588.44409179687
14294,3489.208984375
7096,2224.72705078125
7649,262.200500488281
35377,556.17138671875
45032,1202.48596191406
36519,3543.85888671875
27435,507.953704833984
40286,519.783386230468
22531,2775.15698242187
46496,1289.36901855468
40214,782.017272949218
13684,183.012893676757
42458,1882.11999511718
21321,2154.68603515625
29983,1312.96594238281
44176,1873.56896972656
35889,1636.05700683593
49296,2132.94409179687
24340,2031.43994140625
5669,3463.72094726562
41611,2178.63598632812
1146,425.515014648437
40882,1106.27197265625
10098,2445.7939453125
25327,899.143920898437
39708,1023.49597167968
39753,780.519287109375
19794,41.0337600708007
31649,2953.11596679687
21135,678.570983886718
24354,1469.36804199218
44178,2302.14990234375
32659,1215.81604003906
9253,758.195190429687
35340,1045.68798828125
251,3406.0400390625
29146,520.4970703125
14896,3603.28198242187
14404,2506.037109375
34667,7.34380483627319
21317,2035.83605957031
34856,285.783508300781
1394,269.256713867187
14489,141.053405761718
10020,1331.76098632812
2403,3460.85400390625
40059,538.186889648437
12448,1572.22204589843
31738,1764.01000976562
20188,2621.93701171875
41374,2109.98510742187
897,2915.78295898437
34210,3367.22290039062
16418,1479.19604492187
43410,1538.13598632812
47444,2573.61694335937
23732,2244.42700195312
19474,798.897521972656
40894,1497.23095703125
23765,1394.46997070312
45386,3602.708984375
23833,1250.583984375
354,275.013610839843
10581,3602.50610351562
5297,3462.67407226562
17283,1358.14794921875
19864,627.408508300781
18214,3319.74291992187
20124,984.922424316406
3662,1223.58605957031
20305,3484.89208984375
10927,3026.57299804687
44418,3597.72509765625
23796,359.56851196289
29558,477.506195068359
24362,1307.98999023437
28616,535.476806640625
4515,2075.14111328125
16313,3596.7080078125
2943,3502.416015625
4717,535.281372070312
44603,1839.16796875
19313,196.784103393554
39213,1221.041015625
41828,2314.67407226562
11147,1354.57604980468
86,1482.4599609375
28171,1210.10803222656
47262,3601.69799804687
39687,885.014282226562
47505,3514.2548828125
22155,231.661499023437
6837,791.250427246093
19494,1686.79296875
35082,692.216125488281
4633,408.717407226562
26413,583.245300292968
8068,2644.14208984375
44140,1029.89099121093
44688,493.967895507812
21408,41.6680603027343
32244,608.376220703125
20465,780.136474609375
39137,3554.05200195312
45903,3600.82690429687
45729,266.872802734375
40832,603.721923828125
47473,193.05320739746
25882,378.074005126953
31653,2339.78002929687
8027,3461.27709960937
26025,170.390594482421
37793,3600.07006835937
4462,1115.71398925781
25129,1366.28198242187
35078,1033.31604003906
24591,2556.64599609375
6569,1915.38195800781
30854,1767.96704101562
40032,655.847229003906
43448,683.756469726562
18341,1931.47497558593
27175,580.328674316406
304,889.129821777343
7004,299.60009765625
11317,822.272583007812
5154,375.254302978515
31122,1372.15100097656
11389,861.685913085937
13419,2145.47509765625
25673,124.350700378417
47521,2164.78588867187
18190,2166.80200195312
20605,2284.27099609375
2829,3461.67700195312
11428,3556.35205078125
19927,44.0470390319824
21273,918.610717773437
42036,313.533599853515
8022,3461.34912109375
41234,1179.2490234375
28668,3453.53295898437
37558,2231.11303710937
27640,306.058502197265
4588,1260.78601074218
27342,47.0976486206054
36176,264.207702636718
46770,3583.77905273437
38059,2517.791015625
26146,201.095504760742
46323,111.473999023437
33284,813.844299316406
8715,3461.95092773437
32796,2644.31494140625
8616,2833.88403320312
41835,1069.55297851562
25106,261.155212402343
31181,3603.90209960937
33265,313.881805419921
45774,3553.06591796875
26391,400.549011230468
36663,2094.0791015625
28056,391.951995849609
47833,2078.3359375
11462,3603.88500976562
15059,1082.44396972656
1016,1151.32299804687
23884,1449.23498535156
41232,2077.6669921875
39555,2814.162109375
28121,254.728393554687
43694,230.727600097656
25746,1617.02099609375
36296,99.660057067871
30277,3210.60400390625
26419,691.0029296875
27156,1266.69995117187
41110,69.4141235351562
20133,1175.12805175781
35546,287.237609863281
12283,3604.35693359375
7126,1269.36901855468
21246,364.840911865234
22509,2413.89208984375
7489,873.466674804687
39579,3101.0048828125
31600,2486.93603515625
26439,58.6445503234863
24421,2638.2041015625
23618,108.238502502441
26812,952.231018066406
23186,3376.86596679687
2578,2114.23095703125
12501,563.710083007812
23220,148.948501586914
29933,955.623779296875
37482,843.328002929687
44057,575.040222167968
45295,341.301300048828
23818,563.072570800781
15124,2994.81298828125
83,752.726379394531
1250,446.465209960937
38795,714.330383300781
30086,1515.70703125
27555,18.3024997711181
16610,141.281906127929
2292,3397.21411132812
42314,467.939086914062
24391,2111.73706054687
42091,3006.67700195312
9248,277.727508544921
24670,984.058410644531
6582,1403.06896972656
40282,766.044677734375
36017,906.723510742187
32433,2993.30810546875
8530,1931.1240234375
19591,3114.337890625
36400,64.0098495483398
43614,1130.74194335937
26022,234.151702880859
45437,3601.2900390625
45567,3550.78491210937
29869,954.926696777343
30645,2275.61694335937
34158,3518.79809570312
16992,648.882202148437
41170,1394.65295410156
15222,563.685607910156
4296,3602.26098632812
24664,811.577697753906
47272,3601.31201171875
47789,373.715515136718
40849,921.93212890625
10366,3268.3720703125
44129,1174.72802734375
24112,0.712200105190277
15105,2390.1669921875
32420,2934.34912109375
12292,3603.92504882812
16159,3425.6669921875
39206,2648.044921875
24213,1080.86694335937
7341,157.87939453125
33091,1786.08203125
1730,1928.77905273437
33727,3218.14990234375
22529,3185.43798828125
43239,1169.53295898437
17873,217.326995849609
22079,161.896697998046
45642,3602.40698242187
41028,3068.38598632812
38553,3576.75610351562
11168,676.73828125
7224,260.802093505859
30918,2163.7080078125
7307,205.235107421875
39702,1493.89501953125
15604,274.003601074218
43188,1532.30603027343
33825,1064.59094238281
36162,74.509407043457
45790,3568.98388671875
18669,129.760192871093
36009,925.380126953125
29021,82.0583572387695
36382,26.2025604248046
47694,381.391296386718
16078,580.37841796875
40966,2652.5009765625
28188,344.837493896484
14677,36.6713600158691
7288,426.65640258789
25287,1615.71496582031
3979,3601.52490234375
8062,2929.07202148437
7074,2551.05200195312
47842,2672.88891601562
7093,2333.98095703125
9859,2496.2548828125
5764,3030.06298828125
40948,1392.71398925781
20130,1172.11303710937
7361,268.726013183593
27081,570.386108398437
16217,3452.17211914062
9922,1300.74597167968
34136,2262.87890625
825,3100.96899414062
330,2108.77099609375
36727,1959.81896972656
38557,3597.34692382812
37048,2291.498046875
37653,2928.34594726562
14872,3526.60400390625
39486,2784.22802734375
3837,3601.15698242187
40737,1479.43298339843
40254,546.497924804687
39145,3305.69091796875
9494,298.853485107421
41329,3052.73193359375
38726,451.75210571289
29559,577.523620605468
3880,3590.07690429687
316,1361.4599609375
33192,1094.50598144531
40974,1589.89404296875
37597,1537.26904296875
9483,1078.85205078125
38984,2092.48388671875
36510,3576.662109375
10737,3008.72705078125
16856,13.4087295532226
43432,1470.37097167968
44564,945.174987792968
15098,2412.9951171875
30471,3575.31103515625
31908,569.116516113281
1691,327.438690185546
10424,3573.19897460937
19066,95.2782135009765
12457,493.764007568359
16156,2890.205078125
47432,2212.69702148437
34098,2032.32397460937
1256,817.464416503906
49047,1642.63000488281
12883,15.100769996643
24838,1193.40905761718
1878,1046.82897949218
27127,1708.27905273437
46330,64.9551010131835
23678,686.057678222656
45475,3601.9599609375
10028,1376.82299804687
45893,3600.05688476562
40376,232.607604980468
32167,852.091613769531
925,3549.3740234375
42372,2239.88305664062
25731,1219.78100585937
17007,898.624877929687
9826,1033.3330078125
33175,559.158813476562
26305,738.5576171875
341,87.4404525756835
4246,3602.13696289062
9241,277.314300537109
44139,884.467590332031
15847,380.735107421875
37952,3598.94409179687
26298,1373.42797851562
10418,3507.169921875
32332,3603.51293945312
19020,616.463073730468
37329,121.969802856445
2287,3538.52099609375
21235,1105.96801757812
33283,804.804504394531
11640,1942.86901855468
27844,98.9525833129882
44227,1015.73498535156
39439,1584.34204101562
46803,3596.18090820312
5656,2933.15087890625
19061,1037.88000488281
24634,2912.53295898437
24875,2920.09497070312
39946,2074.64697265625
30065,2067.81103515625
28186,457.590087890625
35337,804.491577148437
24191,563.438171386718
8830,3539.72290039062
21051,971.719177246093
33228,725.520385742187
31892,1599.91296386718
42926,2101.21997070312
43938,3506.49291992187
27541,182.02099609375
9380,155.578201293945
8668,3599.17797851562
29941,1118.82495117187
2337,3583.3720703125
31782,1501.958984375
41972,1357.02502441406
40142,1576.34594726562
45484,3602.0400390625
22533,2593.90307617187
44633,2425.31005859375
25151,2681.59301757812
1059,130.725692749023
42381,3290.86596679687
47903,3602.48388671875
50508,1403.12194824218
35861,107.757202148437
36447,1762.07702636718
11447,3368.35009765625
26785,979.62548828125
9244,305.590911865234
6588,882.090087890625
47957,778.053283691406
2242,3309.02197265625
18937,1862.73303222656
40658,20.3539199829101
8370,360.488006591796
2402,3460.75610351562
23125,47.0609703063964
2959,3561.9130859375
19612,1573.65002441406
32575,2740.82104492187
39710,880.919677734375
46478,656.151306152343
18194,1734.44494628906
16739,184.176498413085
11133,1381.90002441406
15615,236.437805175781
39795,3268.212890625
1432,622.877685546875
12603,189.077194213867
20445,2307.64697265625
20773,551.383911132812
50078,287.260009765625
44664,1005.3330078125
28893,45.528881072998
8621,3484.9208984375
30631,1977.44702148437
10494,1361.13500976562
27583,32.7394485473632
23084,876.8798828125
18124,400.428588867187
45604,3592.23095703125
19030,1179.07897949218
43138,2062.63989257812
26178,24.350299835205
2903,2295.92407226562
20232,1740.27404785156
44041,861.906005859375
14476,471.775695800781
35224,176.185394287109
24895,768.026428222656
26905,2439.27294921875
20888,1863.92102050781
21205,1537.501953125
31778,1971.80102539062
9260,429.733093261718
49111,3353.85107421875
2991,3124.4541015625
29501,98.6335906982421
42744,530.850280761718
39036,2328.10400390625
2602,939.683471679687
543,387.340209960937
26045,20.1103191375732
10725,3583.75610351562
7320,78.3866271972656
50122,191.643096923828
41294,3542.43798828125
32064,592.840881347656
35595,813.938720703125
29932,884.689819335937
7594,347.35610961914
19727,1339.31201171875
38459,3138.07592773437
34714,105.346099853515
11266,685.578918457031
44694,26.2872295379638
22660,2820.5029296875
16999,669.039123535156
30727,2515.4990234375
17464,2275.76904296875
1866,848.723022460937
38501,3415.29809570312
45345,3416.35888671875
28083,63.3253288269042
35207,104.709999084472
37262,7.70933818817138
14582,536.0830078125
24507,2930.06909179687
18943,1250.33703613281
44417,3593.0400390625
2921,3489.17211914062
3616,3286.90600585937
36103,1963.33996582031
7728,3461.39208984375
15703,203.758605957031
11441,3603.94799804687
16878,115.321502685546
39186,2611.77709960937
24558,1669.05505371093
42743,648.671997070312
32035,170.311401367187
11855,2099.72412109375
19520,1260.56701660156
7222,25.4904098510742
42137,2808.98388671875
14163,43.9900398254394
11198,83.356590270996
11253,106.578697204589
43049,2897.79296875
43029,2857.8291015625
42370,2037.4990234375
14989,2805.63696289062
28780,113.766998291015
25591,1324.29504394531
47958,837.854614257812
30826,1699.47595214843
3064,1095.47705078125
21581,105.13980102539
27650,591.990295410156
11262,208.434005737304
18865,218.498992919921
7652,605.228515625
15927,703.486511230468
32359,3603.30395507812
40865,806.61279296875
31265,3604.15087890625
15607,190.471893310546
28192,7.43897199630737
11631,3595.25805664062
6706,137.254501342773
4139,3602.55810546875
45872,3600.84692382812
8167,3461.8291015625
46609,733.77099609375
25747,1608.17895507812
20259,2092.873046875
11301,316.96109008789
9689,3101.11108398437
5684,3461.09790039062
49394,1389.93896484375
30372,3599.18188476562
40036,517.490905761718
24967,3578.76293945312
19196,80.2168197631835
39778,767.09912109375
17572,51.2871513366699
312,1214.1259765625
48166,1710.17004394531
46921,1843.64599609375
30126,630.930908203125
9313,3166.537109375
33088,1484.47595214843
6025,2124.90600585937
30269,2750.80493164062
20925,1327.26904296875
35954,3552.01489257812
49680,365.055603027343
17333,941.852111816406
21859,3515.212890625
28077,315.019592285156
36951,2915.29711914062
5121,211.662994384765
23048,1807.27404785156
19715,290.630615234375
17332,678.37158203125
24282,2214.43603515625
24870,3117.88305664062
34787,16.7093696594238
14980,2899.78588867187
11790,15.2529401779174
20998,421.965301513671
11886,3004.93896484375
20521,1785.43603515625
20182,2403.17504882812
20929,2313.94189453125
38566,3591.81396484375
33618,149.494506835937
33835,1591.98095703125
11066,3603.59008789062
1047,8.48479557037353
21484,35.916389465332
41308,2653.1279296875
14911,3604.1240234375
29541,178.941802978515
116,3062.97802734375
10829,3604.2490234375
47566,526.705871582031
35722,0.0175999905914068
25958,173.7666015625
407,1928.17504882812
23060,918.010009765625
38064,1347.34704589843
32401,3514.48095703125
18111,652.406921386718
40877,1301.73999023437
28407,111.44090270996
24955,646.605529785156
5799,3603.78198242187
41338,3179.42504882812
16271,539.052612304687
4048,3602.30297851562
7567,3460.65991210937
38408,2806.25
5838,1773.69897460937
25312,1428.65197753906
42545,3603.49194335937
21304,1128.89001464843
5344,3548.46411132812
14317,3575.17309570312
19315,384.353088378906
26292,1317.03002929687
25282,1761.39001464843
38638,1601.79504394531
25808,298.9580078125
10301,3603.84497070312
24277,1416.71899414062
26896,1878.35095214843
4874,3569.47802734375
39223,3158.1689453125
39214,3459.96899414062
32103,17.5493907928466
42909,2517.43798828125
46507,26.724100112915
20109,2942.03588867187
4016,3602.26196289062
31146,3257.17211914062
17883,609.510925292968
11437,2626.13110351562
33585,953.806823730468
1007,997.579284667968
27740,181.439895629882
1718,951.307495117187
39837,1192.1669921875
42037,178.868103027343
24942,441.734313964843
45757,3158.77807617187
20707,1590.92395019531
47769,141.49169921875
954,3315.77587890625
3949,3602.60693359375
18206,3591.4951171875
9326,2564.59399414062
32956,3147.53198242187
30136,1658.78796386718
25378,49.084358215332
10269,3603.38598632812
10460,1390.01098632812
32532,2137.64794921875
46501,244.197799682617
31776,2180.23706054687
4764,2398.32104492187
21184,3494.30688476562
43794,187.287994384765
29708,524.177795410156
16267,839.360778808593
35989,833.318481445312
32290,2386.28100585937
4849,2610.26293945312
15638,290.251312255859
5320,3532.1630859375
32877,3602.95190429687
23719,3342.78295898437
15971,434.565399169921
25141,2306.06689453125
31147,3369.88793945312
3206,11.4660701751708
38866,0.128467097878456
37266,20.297830581665
5217,887.456115722656
8749,3602.0849609375
8120,3461.54711914062
41005,2317.3779296875
11785,4.26361608505249
41087,348.900299072265
10808,1134.16003417968
30647,2251.56909179687
32424,3363.87109375
35352,1225.78698730468
38327,490.988494873046
38588,2949.28100585937
6532,2862.69995117187
16777,368.191589355468
39660,2131.68603515625
45050,2053.51611328125
45064,3319.05908203125
20421,2154.52197265625
31868,1164.71496582031
34274,1399.72705078125
19510,1153.34594726562
23448,4.65614604949951
24768,603.196716308593
4578,1977.88403320312
50484,1359.03698730468
38584,2596.75610351562
18996,1718.82897949218
13884,54.3343811035156
38029,3322.06298828125
43342,1027.48303222656
15341,190.712203979492
2757,3461.88891601562
21855,42.444480895996
39676,1419.96301269531
11056,3568.84301757812
16119,1090.94604492187
44219,593.885070800781
14159,21.129539489746
9919,618.209411621093
2380,3461.09912109375
33186,518.148498535156
33065,2974.81201171875
19319,232.396499633789
12600,340.338714599609
16926,82.5874099731445
42771,351.211791992187
14393,2273.8759765625
36884,3369.86303710937
2246,3575.51489257812
8518,512.107177734375
7290,550.097473144531
10439,1450.6650390625
28011,222.796203613281
13829,160.54800415039
35893,1740.09899902343
48191,1772.96203613281
20043,11.1757001876831
17301,2229.0791015625
4442,844.473510742187
33289,785.20947265625
5692,3460.68896484375
30744,2176.71704101562
5708,3466.8349609375
2927,3522.99096679687
13828,114.841499328613
45169,77.5077362060546
1230,1017.67102050781
834,3373.28588867187
49231,3601.8798828125
36127,102.298400878906
40969,1647.76000976562
24216,922.774108886718
33429,203.06689453125
39057,2568.05810546875
21753,645.515075683593
14465,601.460388183593
36748,3602.96704101562
1271,249.219406127929
26117,186.88540649414
4487,1124.74597167968
2522,1914.96997070312
27235,599.953918457031
35962,2890.19702148437
26705,261.68701171875
30594,1705.19299316406
248,3552.78295898437
37185,185.23680114746
7582,476.489105224609
33520,223.296600341796
10844,1847.11596679687
1525,1890.52404785156
37600,1685.23095703125
4534,2063.9150390625
32819,2417.55493164062
30366,3580.61303710937
44164,1288.42602539062
18919,3078.56689453125
32176,1920.6240234375
22801,289.332489013671
15945,707.779479980468
48171,1719.01196289062
40222,1251.65502929687
47184,3602.46606445312
18415,224.195495605468
27957,1026.84802246093
10683,1922.80798339843
27249,936.789672851562
40527,5.42254877090454
42978,3557.52807617187
29602,1106.30200195312
13385,3111.60107421875
36523,3593.22290039062
43783,366.638793945312
15022,1945.34497070312
29994,2881.6689453125
46762,3538.21606445312
48588,1361.51904296875
23709,2921.77807617187
49056,1127.06994628906
47879,3336.84790039062
30581,1748.27905273437
13702,131.594604492187
10729,3041.93408203125
15707,328.442596435546
27332,321.784484863281
39570,1810.68896484375
8769,3601.53100585937
38040,2823.88208007812
45712,3602.72705078125
9573,3491.44189453125
48131,3601.73608398437
17760,418.081604003906
25099,1029.69201660156
19013,714.166870117187
34525,2600.60498046875
7157,216.94270324707
35858,166.337493896484
43040,3353.044921875
34429,1838.52197265625
30501,2347.65502929687
43784,330.929901123046
33279,760.962524414062
19000,676.091613769531
23631,960.50341796875
11207,27.2613792419433
11830,515.878784179687
8363,148.955001831054
41495,1273.29895019531
10451,1385.4580078125
7081,2615.88403320312
30887,2425.81689453125
48566,1283.89501953125
18973,338.705505371093
25809,426.603393554687
4440,961.13037109375
10620,3601.23291015625
8642,3601.97509765625
37074,1316.32397460937
25533,765.211975097656
46255,887.060974121093
20938,1951.69299316406
13188,295.236511230468
47388,3031.166015625
36224,22.4617404937744
30101,1504.63195800781
32714,1715.69396972656
31847,1061.96105957031
34567,1186.23400878906
23809,380.909606933593
33571,1410.38403320312
40901,2293.06396484375
2485,2661.94897460937
28781,315.003112792968
42907,3023.8701171875
1431,751.551818847656
19710,413.14810180664
42468,311.186798095703
17809,277.597106933593
19134,128.303497314453
15349,139.048095703125
17478,1319.21105957031
23234,1120.67297363281
42450,1567.36804199218
33511,845.479187011718
32636,2863.10498046875
49491,3599.57495117187
20976,921.010375976562
13690,105.297500610351
48212,1105.02099609375
24915,681.464294433593
43939,3589.22509765625
8265,3602.66796875
4485,1034.67297363281
35040,209.353897094726
5899,450.394287109375
31764,2613.34594726562
41677,3604.333984375
41496,1234.3330078125
46487,146.303802490234
11059,3585.61303710937
26272,1173.94702148437
15598,427.598388671875
36899,2510.59106445312
13093,13.1850099563598
15966,542.783630371093
49135,3597.41796875
42654,2239.97192382812
45334,3569.44409179687
8574,2045.53198242187
44006,3272.56689453125
8385,4.13325786590576
19464,742.777282714843
31391,2722.25390625
8238,3584.35791015625
32985,2117.13208007812
47984,464.66860961914
30994,2218.2939453125
2899,2345.72509765625
45829,3584.74194335937
43913,2912.03295898437
17644,882.593627929687
32302,2517.25
16308,3584.94702148437
38652,2293.33203125
18140,289.621490478515
918,3021.46508789062
41793,849.559692382812
16157,3369.94189453125
33785,2089.42895507812
22544,3172.76708984375
1262,883.125122070312
21769,586.710083007812
47376,3355.03491210937
46610,586.6201171875
26907,2095.19995117187
14920,3604.80200195312
10379,1135.30603027343
33978,546.762084960937
29829,621.281127929687
19263,11.8015403747558
43243,1151.33996582031
40043,117.782501220703
50502,711.683227539062
47367,3089.86010742187
2603,510.345794677734
9832,2083.23901367187
11579,3447.30200195312
49081,1333.60205078125
48121,3602.10009765625
38053,2890.36401367187
8092,3461.57006835937
43352,321.258697509765
48713,1774.26098632812
49077,1008.38800048828
31727,820.764526367187
23171,1710.40100097656
16729,44.408878326416
42302,496.429809570312
44225,1211.11901855468
46378,68.8970413208007
33055,2888.76904296875
3918,3602.85791015625
32484,3038.86499023437
377,709.833984375
35486,172.613204956054
3200,151.622100830078
8949,1580.4990234375
20005,1171.44799804687
9276,1616.27600097656
1785,3603.24096679687
30942,2857.1669921875
22570,3603.794921875
50513,1901.60205078125
31159,3467.4541015625
11887,3236.75805664062
19320,237.14990234375
43192,1501.81396484375
8359,48.3524208068847
20013,1541.15698242187
21772,472.962188720703
47883,3602.4951171875
18420,159.649597167968
6563,1808.96899414062
20797,803.596313476562
33931,1518.64099121093
46745,3556.34008789062
27431,582.265075683593
40646,20.9919300079345
8197,3462.22607421875
10522,130.639205932617
8873,3584.80590820312
23039,1057.97497558593
27661,515.780395507812
22707,2480.93896484375
21742,446.355987548828
26821,558.118103027343
9934,90.7537994384765
49638,166.488800048828
47459,150.943206787109
32360,3603.44409179687
35747,1089.18701171875
1845,359.992095947265
24742,934.529479980468
210,3601.8701171875
25309,1568.94104003906
33167,1526.46496582031
38686,189.103897094726
37866,3600.61499023437
48264,761.354797363281
41665,1833.31494140625
40903,1740.68798828125
17466,2733.80810546875
28310,284.152801513671
49266,3601.71899414062
11259,400.321990966796
4344,3602.26611328125
10190,3603.39892578125
26295,1609.52795410156
8845,3591.81298828125
49395,1591.65502929687
3009,1090.35803222656
41701,3603.89599609375
19493,1633.77795410156
2540,3467.7919921875
48188,1805.27502441406
13398,1010.69598388671
40162,1038.65905761718
46070,237.728698730468
6517,1663.55297851562
41398,806.765380859375
30426,1986.27197265625
4938,2129.13989257812
5647,2470.61694335937
20301,3565.25
47265,3601.53393554687
40144,917.175170898437
9458,1854.07897949218
20556,1822.65502929687
37619,496.721588134765
38661,2176.6298828125
24260,197.496200561523
20033,1622.57202148437
5219,833.701171875
29563,435.545288085937
39931,923.383972167968
24992,907.471313476562
25115,782.824890136718
36426,614.8154296875
48607,1702.15100097656
24183,1266.35205078125
8728,3462.42211914062
8134,3462.07299804687
36605,2447.39404296875
31734,694.06591796875
8842,3599.92504882812
43104,2142.55297851562
5317,3566.89404296875
39855,842.078674316406
7538,3603.03198242187
8535,1244.86999511718
49039,545.355529785156
18852,37.6863708496093
47781,238.751693725585
26449,109.444602966308
11162,498.701507568359
27548,80.9979019165039
12353,3602.625
4416,386.163513183593
7296,382.774505615234
9334,1400.2939453125
22554,3311.39990234375
34521,2950.61791992187
45969,3599.875
14441,3599.39501953125
34586,1150.67395019531
16285,3112.14892578125
36079,1707.38098144531
40063,1155.35705566406
40801,161.858306884765
34019,1619.16296386718
20902,1552.28503417968
17628,1680.42199707031
44801,0.986532986164093
25880,439.691101074218
38791,406.217193603515
44210,198.728897094726
3860,3602.88891601562
29895,563.83837890625
1779,3240.9130859375
41644,2357.22607421875
44487,1004.68499755859
30140,2885.5830078125
39888,1641.38598632812
31923,1070.83605957031
35132,178.066604614257
